{
  "project_info": {
    "project_number": "845179945462",
    "project_id": "chatapp-ab052",
    "storage_bucket": "chatapp-ab052.firebasestorage.app"
  },
  "client": [
    {
      "client_info": {
        "mobilesdk_app_id": "1:845179945462:android:a94068dbdc09bc3fe287d7",
        "android_client_info": {
          "package_name": "com.chatapp.mobile"
        }
      },
      "oauth_client": [],
      "api_key": [
        {
          "current_key": "AIzaSyAUeKVxt_LIK8ef3lhhvY3Gn9wvXqo579E"
        }
      ],
      "services": {
        "appinvite_service": {
          "other_platform_oauth_client": []
        }
      }
    }
  ],
  "configuration_version": "1"
}